<?xml version="1.0" encoding="UTF-8"?>
<views><view name="MainView"/><view name="listViewer"/><view name="createNewContact"/><folder name="export"><view name="exportDialog"/><view name="downloadFile"/></folder><folder name="api"><folder name="contacts"><folder name="address"><view name="add"/><view name="get"/><view name="update"/><view name="types"/><view name="remove"/></folder><folder name="email"><view name="add"/><view name="update"/><view name="types"/><view name="get"/><view name="remove"/></folder><folder name="phone"><view name="add"/><view name="get"/><view name="types"/><view name="update"/><view name="remove"></view></folder><view name="create"/><view name="update"/><view name="remove"/><view name="import"/><view name="list"/><folder name="cinfo"><view name="get"/><view name="set"/></folder><view name="info"/></folder><folder name="users"><view name="list"/><view name="info"/></folder></folder><folder name="relations"><view name="relationCard"/><view name="contactInfo"/><view name="editContactInfo"/><view name="customInfo"/><view name="editCustomInfo"/><view name="deleteRelation"/></folder><folder name="users"><view name="userInfo"/></folder><folder name="settings"><view name="appSettings"/></folder></views>
